{
  "params": {
    "dataset": "dbpedia-openai-1M-1536-angular",
    "experiment": "qdrant-bq-rps-m-16-ef-128",
    "engine": "qdrant",
    "parallel": 1,
    "config": {
      "hnsw_ef": 64,
      "quantization": {
        "rescore": true,
        "oversampling": 2.0
      }
    }
  },
  "results": {
    "total_time": 30.05901040400022,
    "mean_time": 0.005431530678608761,
    "mean_precisions": 0.9495,
    "std_time": 0.002179555320465273,
    "min_time": 0.0033193990002473583,
    "max_time": 0.0729496370004199,
    "rps": 166.33947467993175,
    "p95_time": 0.007288324250021105,
    "p99_time": 0.008689897559997922
  }
}