{
  "params": {
    "dataset": "dbpedia-openai-1M-1536-angular",
    "experiment": "qdrant-bq-rps-m-16-ef-128",
    "engine": "qdrant",
    "parallel": 100,
    "config": {
      "hnsw_ef": 64,
      "quantization": {
        "rescore": true,
        "oversampling": 1.0
      }
    }
  },
  "results": {
    "total_time": 7.380282279000312,
    "mean_time": 0.01190344313740061,
    "mean_precisions": 0.9019799999999999,
    "std_time": 0.018316520173090718,
    "min_time": 0.004690787000072305,
    "max_time": 0.1251712069988571,
    "rps": 677.4808619755489,
    "p95_time": 0.018287227300788807,
    "p99_time": 0.10985240893885934
  }
}