{
  "params": {
    "dataset": "dbpedia-openai-1M-1536-angular",
    "experiment": "qdrant-bq-rps-m-16-ef-128",
    "engine": "qdrant",
    "parallel": 1,
    "config": {
      "hnsw_ef": 64,
      "quantization": {
        "rescore": true,
        "oversampling": 4.0
      }
    }
  },
  "results": {
    "total_time": 30.708016733999102,
    "mean_time": 0.005563854767793964,
    "mean_precisions": 0.9634800000000001,
    "std_time": 0.0009667156033871236,
    "min_time": 0.003423214999202173,
    "max_time": 0.012473767001210945,
    "rps": 162.82393107022546,
    "p95_time": 0.007367223701476179,
    "p99_time": 0.008550285458950386
  }
}