{
  "params": {
    "dataset": "dbpedia-openai-1M-1536-angular",
    "experiment": "qdrant-bq-rps-m-16-ef-128",
    "engine": "qdrant",
    "parallel": 1,
    "config": {
      "hnsw_ef": 128,
      "quantization": {
        "rescore": true,
        "oversampling": 8.0
      }
    }
  },
  "results": {
    "total_time": 47.27312824599903,
    "mean_time": 0.008752672364826868,
    "mean_precisions": 0.98472,
    "std_time": 0.0016894973741312087,
    "min_time": 0.005110701999001321,
    "max_time": 0.017470654000135255,
    "rps": 105.76833362880265,
    "p95_time": 0.011835641349716753,
    "p99_time": 0.013498200639114659
  }
}