{
  "params": {
    "dataset": "dbpedia-openai-1M-1536-angular",
    "experiment": "qdrant-bq-rps-m-16-ef-128",
    "engine": "qdrant",
    "parallel": 100,
    "config": {
      "hnsw_ef": 64,
      "quantization": {
        "rescore": true,
        "oversampling": 8.0
      }
    }
  },
  "results": {
    "total_time": 21.50351767599932,
    "mean_time": 0.04355793358560004,
    "mean_precisions": 0.9739,
    "std_time": 0.019522157277026907,
    "min_time": 0.014834038000117289,
    "max_time": 0.15050987900031032,
    "rps": 232.52009626223344,
    "p95_time": 0.08498055010104509,
    "p99_time": 0.10926692506165636
  }
}