{
  "params": {
    "dataset": "dbpedia-openai-1M-1536-angular",
    "experiment": "qdrant-bq-rps-m-16-ef-128",
    "engine": "qdrant",
    "parallel": 100,
    "config": {
      "hnsw_ef": 256,
      "quantization": {
        "rescore": true,
        "oversampling": 4.0
      }
    }
  },
  "results": {
    "total_time": 20.651375626001027,
    "mean_time": 0.15338305667479,
    "mean_precisions": 0.9861,
    "std_time": 0.1362046863573329,
    "min_time": 0.012669604999246076,
    "max_time": 0.6436740149983962,
    "rps": 242.11462183200868,
    "p95_time": 0.4697778808003023,
    "p99_time": 0.5417683696398672
  }
}