{
  "params": {
    "dataset": "dbpedia-openai-1M-1536-angular",
    "experiment": "qdrant-bq-rps-m-16-ef-128",
    "engine": "qdrant",
    "parallel": 1,
    "config": {
      "hnsw_ef": 64,
      "quantization": {
        "rescore": true,
        "oversampling": 8.0
      }
    }
  },
  "results": {
    "total_time": 37.76042682200023,
    "mean_time": 0.0069056615569967105,
    "mean_precisions": 0.9739,
    "std_time": 0.001222606572767043,
    "min_time": 0.0041584999999031425,
    "max_time": 0.01820385599967267,
    "rps": 132.41375749192716,
    "p95_time": 0.009185017299569156,
    "p99_time": 0.010543005898962293
  }
}