{
  "params": {
    "dataset": "dbpedia-openai-1M-1536-angular",
    "experiment": "qdrant-bq-rps-m-16-ef-128",
    "engine": "qdrant",
    "parallel": 1,
    "config": {
      "hnsw_ef": 512,
      "quantization": {
        "rescore": true,
        "oversampling": 2.0
      }
    }
  },
  "results": {
    "total_time": 98.97157544500078,
    "mean_time": 0.01894972505338992,
    "mean_precisions": 0.9728600000000001,
    "std_time": 0.0060481597352256885,
    "min_time": 0.008082780999757233,
    "max_time": 0.0562942420001491,
    "rps": 50.519555513982255,
    "p95_time": 0.030644287550148877,
    "p99_time": 0.04009265496935772
  }
}