{
  "params": {
    "dataset": "dbpedia-openai-1M-1536-angular",
    "experiment": "qdrant-bq-rps-m-16-ef-128",
    "engine": "qdrant",
    "parallel": 100,
    "config": {
      "hnsw_ef": 64,
      "quantization": {
        "rescore": true,
        "oversampling": 8.0
      }
    }
  },
  "results": {
    "total_time": 10.780053475000386,
    "mean_time": 0.020276491020786488,
    "mean_precisions": 0.9739,
    "std_time": 0.01410500914937414,
    "min_time": 0.006343195998852025,
    "max_time": 0.12918557800003327,
    "rps": 463.8195915813693,
    "p95_time": 0.04882095229895643,
    "p99_time": 0.07893384998122203
  }
}