{
  "params": {
    "dataset": "dbpedia-openai-1M-1536-angular",
    "experiment": "qdrant-bq-rps-m-16-ef-128",
    "engine": "qdrant",
    "parallel": 1,
    "config": {
      "hnsw_ef": 128,
      "quantization": {
        "rescore": true,
        "oversampling": 2.0
      }
    }
  },
  "results": {
    "total_time": 35.884331803999885,
    "mean_time": 0.006609303287198418,
    "mean_precisions": 0.9641,
    "std_time": 0.001115747931355906,
    "min_time": 0.004075393000675831,
    "max_time": 0.012554562999866903,
    "rps": 139.33657807284766,
    "p95_time": 0.008648307748717344,
    "p99_time": 0.010112303190635436
  }
}