{
  "params": {
    "dataset": "dbpedia-openai-1M-1536-angular",
    "experiment": "qdrant-bq-rps-m-16-ef-128",
    "engine": "qdrant",
    "parallel": 1,
    "config": {
      "hnsw_ef": 128,
      "quantization": {
        "rescore": true,
        "oversampling": 8.0
      }
    }
  },
  "results": {
    "total_time": 46.79175522699916,
    "mean_time": 0.008665322937597374,
    "mean_precisions": 0.98472,
    "std_time": 0.0016470055535246244,
    "min_time": 0.004888252999080578,
    "max_time": 0.01790773600077955,
    "rps": 106.85643177400976,
    "p95_time": 0.011671471999852657,
    "p99_time": 0.013440779189877504
  }
}