{
  "params": {
    "dataset": "dbpedia-openai-1M-1536-angular",
    "experiment": "qdrant-bq-rps-m-16-ef-128",
    "engine": "qdrant",
    "parallel": 1,
    "config": {
      "hnsw_ef": 128,
      "quantization": {
        "rescore": true,
        "oversampling": 4.0
      }
    }
  },
  "results": {
    "total_time": 42.93732586599981,
    "mean_time": 0.007902762371587596,
    "mean_precisions": 0.9797400000000002,
    "std_time": 0.0014652378194311977,
    "min_time": 0.004654328000469832,
    "max_time": 0.01862632200027292,
    "rps": 116.44879831604234,
    "p95_time": 0.010556651850583876,
    "p99_time": 0.012194351499783807
  }
}