{
  "params": {
    "dataset": "dbpedia-openai-1M-1536-angular",
    "experiment": "qdrant-bq-rps-m-16-ef-128",
    "engine": "qdrant",
    "parallel": 1,
    "config": {
      "hnsw_ef": 128,
      "quantization": {
        "rescore": true,
        "oversampling": 4.0
      }
    }
  },
  "results": {
    "total_time": 42.28262715799974,
    "mean_time": 0.007773302929207057,
    "mean_precisions": 0.9797400000000002,
    "std_time": 0.0018606705048712204,
    "min_time": 0.003997465000793454,
    "max_time": 0.03626049599915859,
    "rps": 118.25187638687242,
    "p95_time": 0.01060497080006826,
    "p99_time": 0.013114541410668609
  }
}