{
  "params": {
    "dataset": "dbpedia-openai-1M-1536-angular",
    "experiment": "qdrant-bq-rps-m-16-ef-128",
    "engine": "qdrant",
    "parallel": 100,
    "config": {
      "hnsw_ef": 256,
      "quantization": {
        "rescore": true,
        "oversampling": 2.0
      }
    }
  },
  "results": {
    "total_time": 18.454386572999283,
    "mean_time": 0.12642268968982426,
    "mean_precisions": 0.9696400000000002,
    "std_time": 0.09338024807520007,
    "min_time": 0.010434208999868133,
    "max_time": 0.47897170100077346,
    "rps": 270.93829319233663,
    "p95_time": 0.33041456170085437,
    "p99_time": 0.3526203074086517
  }
}