{
  "params": {
    "dataset": "dbpedia-openai-1M-1536-angular",
    "experiment": "qdrant-bq-rps-m-16-ef-128",
    "engine": "qdrant",
    "parallel": 100,
    "config": {
      "hnsw_ef": 64,
      "quantization": {
        "rescore": true,
        "oversampling": 4.0
      }
    }
  },
  "results": {
    "total_time": 17.785952372001702,
    "mean_time": 0.027256527995201396,
    "mean_precisions": 0.9634799999999999,
    "std_time": 0.012660626721083148,
    "min_time": 0.012681696000072407,
    "max_time": 0.13041538000106812,
    "rps": 281.120734803659,
    "p95_time": 0.052760957299233274,
    "p99_time": 0.08264504599910659
  }
}