{
  "params": {
    "dataset": "dbpedia-openai-1M-1536-angular",
    "experiment": "qdrant-bq-rps-m-16-ef-128",
    "engine": "qdrant",
    "parallel": 1,
    "config": {
      "hnsw_ef": 128,
      "quantization": {
        "rescore": true,
        "oversampling": 1.0
      }
    }
  },
  "results": {
    "total_time": 35.32078137700046,
    "mean_time": 0.0064883826194003635,
    "mean_precisions": 0.91448,
    "std_time": 0.0012296483829225009,
    "min_time": 0.003820473999439855,
    "max_time": 0.014887499999531428,
    "rps": 141.55972221089675,
    "p95_time": 0.008786311948733782,
    "p99_time": 0.010152187239946217
  }
}