{
  "params": {
    "dataset": "dbpedia-openai-1M-1536-angular",
    "experiment": "qdrant-bq-rps-m-16-ef-128",
    "engine": "qdrant",
    "parallel": 1,
    "config": {
      "hnsw_ef": 512,
      "quantization": {
        "rescore": true,
        "oversampling": 2.0
      }
    }
  },
  "results": {
    "total_time": 107.6940447550005,
    "mean_time": 0.020495049055779965,
    "mean_precisions": 0.9728600000000001,
    "std_time": 0.008672327673969863,
    "min_time": 0.008382944000913994,
    "max_time": 0.09064678599861509,
    "rps": 46.42782255392852,
    "p95_time": 0.035774887800380385,
    "p99_time": 0.05974594610084758
  }
}