{
  "params": {
    "dataset": "dbpedia-openai-1M-1536-angular",
    "experiment": "qdrant-bq-rps-m-16-ef-128",
    "engine": "qdrant",
    "parallel": 1,
    "config": {
      "hnsw_ef": 64,
      "quantization": {
        "rescore": true,
        "oversampling": 2.0
      }
    }
  },
  "results": {
    "total_time": 27.65599358200052,
    "mean_time": 0.005059932690810092,
    "mean_precisions": 0.9495,
    "std_time": 0.0009009731665448535,
    "min_time": 0.0028595530002348823,
    "max_time": 0.011240028999964125,
    "rps": 180.7926366910272,
    "p95_time": 0.006804938100322034,
    "p99_time": 0.007820104420843564
  }
}