{
  "params": {
    "dataset": "dbpedia-openai-1M-1536-angular",
    "experiment": "qdrant-bq-rps-m-16-ef-128",
    "engine": "qdrant",
    "parallel": 1,
    "config": {
      "hnsw_ef": 512,
      "quantization": {
        "rescore": true,
        "oversampling": 4.0
      }
    }
  },
  "results": {
    "total_time": 108.66733817599925,
    "mean_time": 0.020831956164399163,
    "mean_precisions": 0.98946,
    "std_time": 0.00805961807573796,
    "min_time": 0.009064584000952891,
    "max_time": 0.09373494800092885,
    "rps": 46.01198560603302,
    "p95_time": 0.03627908115049651,
    "p99_time": 0.051788649389691285
  }
}