{
  "params": {
    "dataset": "dbpedia-openai-1M-1536-angular",
    "experiment": "qdrant-bq-rps-m-16-ef-128",
    "engine": "qdrant",
    "parallel": 1,
    "config": {
      "hnsw_ef": 256,
      "quantization": {
        "rescore": true,
        "oversampling": 1.0
      }
    }
  },
  "results": {
    "total_time": 57.32411553200109,
    "mean_time": 0.010754274151209029,
    "mean_precisions": 0.9185,
    "std_time": 0.0023189039141926554,
    "min_time": 0.005109248999360716,
    "max_time": 0.03421078300016234,
    "rps": 87.22332570851022,
    "p95_time": 0.014740569949753991,
    "p99_time": 0.017184190160660376
  }
}