{
  "params": {
    "dataset": "dbpedia-openai-1M-1536-angular",
    "experiment": "qdrant-bq-rps-m-16-ef-128",
    "engine": "qdrant",
    "parallel": 1,
    "config": {
      "hnsw_ef": 512,
      "quantization": {
        "rescore": true,
        "oversampling": 8.0
      }
    }
  },
  "results": {
    "total_time": 120.06248063400017,
    "mean_time": 0.023022976283818206,
    "mean_precisions": 0.99498,
    "std_time": 0.009267733497778678,
    "min_time": 0.009509862000413705,
    "max_time": 0.09221051900021848,
    "rps": 41.64498329200824,
    "p95_time": 0.04095033284975216,
    "p99_time": 0.05883902060089898
  }
}