{
  "params": {
    "dataset": "dbpedia-openai-1M-1536-angular",
    "experiment": "qdrant-bq-rps-m-16-ef-128",
    "engine": "qdrant",
    "parallel": 100,
    "config": {
      "hnsw_ef": 64,
      "quantization": {
        "rescore": true,
        "oversampling": 2.0
      }
    }
  },
  "results": {
    "total_time": 14.049475772999358,
    "mean_time": 0.01637462475839966,
    "mean_precisions": 0.9495,
    "std_time": 0.004259275128630707,
    "min_time": 0.009601461000784184,
    "max_time": 0.06608025700006692,
    "rps": 355.88516474110213,
    "p95_time": 0.022688916399511073,
    "p99_time": 0.034944076650863284
  }
}