{
  "params": {
    "dataset": "dbpedia-openai-1M-1536-angular",
    "experiment": "qdrant-bq-rps-m-16-ef-128",
    "engine": "qdrant",
    "parallel": 1,
    "config": {
      "hnsw_ef": 256,
      "quantization": {
        "rescore": true,
        "oversampling": 8.0
      }
    }
  },
  "results": {
    "total_time": 80.58017655299955,
    "mean_time": 0.015193323473000418,
    "mean_precisions": 0.9912799999999999,
    "std_time": 0.0060539695820115294,
    "min_time": 0.006933501999810687,
    "max_time": 0.09345421899888606,
    "rps": 62.05000055703996,
    "p95_time": 0.02575525740066951,
    "p99_time": 0.040899973930190826
  }
}