{
  "params": {
    "dataset": "dbpedia-openai-1M-1536-angular",
    "experiment": "qdrant-bq-rps-m-16-ef-128",
    "engine": "qdrant",
    "parallel": 100,
    "config": {
      "hnsw_ef": 128,
      "quantization": {
        "rescore": true,
        "oversampling": 8.0
      }
    }
  },
  "results": {
    "total_time": 11.852918735999992,
    "mean_time": 0.029167931844183478,
    "mean_precisions": 0.98472,
    "std_time": 0.02005978079857603,
    "min_time": 0.007670938999581267,
    "max_time": 0.16039115700004913,
    "rps": 421.8370269268674,
    "p95_time": 0.0672303350993389,
    "p99_time": 0.12695121978908008
  }
}