{
  "params": {
    "dataset": "dbpedia-openai-1M-1536-angular",
    "experiment": "qdrant-bq-rps-m-16-ef-128",
    "engine": "qdrant",
    "parallel": 1,
    "config": {
      "hnsw_ef": 64,
      "quantization": {
        "rescore": true,
        "oversampling": 4.0
      }
    }
  },
  "results": {
    "total_time": 29.283524413998748,
    "mean_time": 0.00535776035961062,
    "mean_precisions": 0.9634800000000001,
    "std_time": 0.001074336096355929,
    "min_time": 0.003323953000290203,
    "max_time": 0.014024603999132523,
    "rps": 170.7444749242612,
    "p95_time": 0.007437170999401133,
    "p99_time": 0.009041572641490352
  }
}